V1,V2,V3,V4,V5,V6,V7,V8,V9,V10,Amount,Class,Prediction,Fraud_Probability
-0.5279852892711134,2.502246519143616,0.6952927266643856,-1.7952162846299298,-1.116564482172479,-1.533083172871792,-2.4635446965085945,1.1974231998049074,-1.9006531584153368,3.4879292258239065,64.9,0,Not Fraud,0.007412880919872269
-0.9694567772480728,-0.0278426990784642,0.4918144010879626,-0.9046053315584104,0.0957511566948584,1.0473431163438045,-0.8382832367759102,-0.8571723738917058,-0.8483194056261063,0.0396130691437114,45.85,0,Not Fraud,0.1868283453905815
-0.2334248425442293,-1.991787235051112,-0.4578169695901857,-0.4070698617594199,-2.221362391220276,-2.598014189473973,0.8579892971621974,-0.5791288370068761,-1.2511538337688417,0.1653762371936991,69.43,0,Not Fraud,0.4207258493198258
-1.74684228387456,1.005994457740662,-1.276618200244661,-2.529162161513636,-1.5375753495480535,-2.303886235302519,-0.133311272345997,-0.7483831806910334,0.509018910577683,2.2544633490237804,95.69,0,Not Fraud,0.18322680627405113
-1.2971313772269633,-1.451861488454803,1.791782273613359,-0.5127219584982559,-0.6224807111896243,-1.0662182833763123,-1.2508668813885504,-0.0001316862269378,-0.9285413040720776,0.4232561227648834,42.98,0,Not Fraud,0.10913977092377335
1.5225888032445862,-0.2679461363929326,0.7833042370887136,1.3013328397572528,1.1182947856314915,0.2190407012366255,-0.7439365335310031,3.284118201287884,1.3173675020851447,-1.3623377699712436,42.98,0,Fraud,0.6603262151250878
1.3365716304800686,-0.7439461125475275,0.4078790508974909,3.832668976855663,2.557915379164718,0.3756507652501841,-1.285802645366163,0.0495918276615858,1.215787605779839,-0.7090795420688402,97.38,0,Fraud,0.6346357124504898
0.8655923658129892,-1.2746866441294054,-1.3882924314848524,0.4074385536308527,-0.7337988680769728,-1.4543905517748057,-3.463782982787798,-0.940977261282717,-2.661392910874209,0.3363833596339114,73.02,0,Not Fraud,0.0023343328104246715
1.633095412164637,-0.6101663176259038,1.5355307733718824,-0.9850965017050584,-0.5220126989666702,0.0027135206965138,-2.9834624217020917,-0.622127480356389,-1.2918074521548382,-1.4869096154774386,35.92,0,Not Fraud,0.006608694899858935
-0.8569800205103124,-3.0504708467263093,1.5329782475310847,0.3195752053672613,-1.513608015831565,-1.6168429463663716,-0.3490101464517648,0.1382252365018404,-2.3375430160451143,-0.171689968041015,66.28,0,Not Fraud,0.2609766939143708
1.0228579109976417,-0.2878233275978017,-0.5160265317217283,-2.090722984836548,-2.518392424197174,-2.230705162570315,0.5477791303104269,0.8468537431799008,-0.342034195768743,-0.3957073481501492,36.1,0,Not Fraud,0.2381999703820696
-0.1809921590021086,-2.9462489018619653,-1.4679181776388008,0.9249613938059064,-1.2706565035548332,-3.0557437342967404,-0.9130054810212253,0.1632556262921654,-1.00372393165229,0.042786462388151,36.03,0,Not Fraud,0.08984932342321254
-4.554381691461483,-0.6951740356631493,0.999991005059611,-2.384436734096432,-0.7804592454431586,-1.3508944935469511,0.5651527615220602,-0.5142094443630262,0.9114016446760532,2.078109874634692,57.26,0,Fraud,0.6333638424805474
-0.9856400191238864,-2.9102581956316493,-3.329503797508129,-0.8103017877162686,-3.3963889433099714,-3.05288200188526,1.221403108124168,-0.0643975406247079,-3.143238288194813,0.6548648983342248,7.4,0,Not Fraud,0.18677269374155842
-0.7325249127755025,-1.4025059894905367,0.01578477336065,-1.3091376587939378,-1.832354115009906,-1.7673359617278512,-1.2597003069903407,-1.1315053013521623,-2.0284327780779408,0.5568765698554738,1.75,0,Not Fraud,0.01643981499337244
-0.0941153339396594,-2.00218577784484,-0.0547463956762155,0.4569063045154149,-1.5068555224201177,-2.9166431842860616,0.0145123753160891,-0.2029239565342277,-0.7242128275557205,0.4135589677963834,33.13,0,Not Fraud,0.21664684926550376
2.213928568288889,-3.7232186297718415,-0.1103647592918598,1.8734570529136605,0.477265237632024,-0.4180944322202914,-2.049786207921729,0.3199278618447733,0.1035944959962306,-3.7921632689323617,19.62,0,Not Fraud,0.09742583685231236
1.7210044439789378,-0.1551667914649692,0.1361246340758442,1.7379606068977975,1.2395274620645509,-0.3381287509380549,-1.0066973375702988,2.485313924533686,1.538857156704978,-0.9880035725176508,59.43,0,Fraud,0.5469924915781778
-1.874187874486783,-0.4799058769384884,-0.0470585407743865,0.5640801854281955,1.6001234074415265,-0.925899708859339,-2.36322818910033,1.321880992159802,1.905290564181753,1.0349302353512797,22.76,0,Not Fraud,0.11174401926511061
2.412870569150665,-0.1101712252227362,0.1694030749120695,1.3536212605475293,1.411594363512218,-0.0839000538930394,-1.3122612260907744,-1.6048043108980627,2.352970634875854,-2.002299644463062,7.63,0,Not Fraud,0.1590885337994061
0.0687190642394861,0.0609916045793315,0.8544377511405561,2.9150593915850718,1.9993304793912376,-0.1143450476714573,-0.6415647811562575,1.035916209432034,1.0541624929701032,0.8364891131068773,93.97,0,Fraud,0.7623983737519295
-4.118749891824709,-3.733650266777501,-0.2628168425261151,1.3215382687391983,0.8275123510387272,0.4813033286396846,0.1591355908965832,-0.8857356006337547,-0.8816821910699254,0.1644639078549829,43.23,0,Fraud,0.7704100694932101
1.4063022137754848,-1.0452968553972228,-0.4753234176821889,-0.2626868688070998,-1.7005905480408643,-2.9997631288240942,-0.1059614680495653,1.2082747406521392,0.1981238838809058,-0.352790553562966,52.03,0,Not Fraud,0.23850011125736623
-3.5082928185336857,-1.7889105238198986,0.5285392018314015,-1.5322540027294558,-1.2247342253325026,-0.7841042389196683,-0.6439825451778142,-0.2497726120403833,-2.068799327857727,1.504270571901364,7.26,0,Not Fraud,0.10120355623570304
0.7386792259907669,-0.1800501996552385,-0.5868426795241861,-0.948056916883445,0.0964942128088341,-0.8978653585202501,-1.2942162709578502,2.1482392019576406,2.0086973533184427,-1.1955258329612195,33.67,0,Not Fraud,0.21237827884180868
-3.282197229754004,-1.2340551437856142,0.0317839048706399,-2.1126578481351013,-0.9634291109151591,-2.1460604349464303,-0.0533252300685976,1.7750370211274655,1.3331247782429552,1.149918887068267,53.33,0,Fraud,0.523579202721394
1.4252245062599096,-0.2194021083999048,0.5960086729861199,-0.9589067402931916,-0.4255211072497987,-1.06966586668008,-1.4289284568988156,-0.7472218322204848,1.091869835558533,-1.284036148208175,15.47,0,Not Fraud,0.05297921829989899
-2.8498686222236564,-1.601116362626839,0.0192589673511255,-1.3297407061924855,-0.2552070519579236,0.6751387401944564,-1.0564226185020755,-0.0971895438234364,-1.4160980006388504,0.2392038393115551,61.27,0,Not Fraud,0.2011742063376959
0.2141890745765334,0.8542133426623459,-0.2127199169309193,-0.7606998694032694,1.49193400467723,-0.3669626579066116,-2.238294187161456,0.3092783851266944,3.528644631787352,-0.6681047235959248,31.98,0,Not Fraud,0.1008685537873964
-2.784215845484228,-2.1189483315402566,-0.0532336675634321,1.9015856771480384,0.1020583460867308,-1.0296916673409973,2.0673587934845323,-1.1218288004125845,-0.2931603418633404,1.44560042016519,41.25,1,Fraud,0.9481956727514835
1.5573629351204736,0.0643679915581456,-2.01500843950709,-2.2131281001160747,-2.71577414455701,-1.8717287547611117,1.681118060940611,-1.1668227695340665,-0.0693509007570429,-0.848796197982317,31.95,0,Not Fraud,0.39813961205556236
0.5802739751959525,-0.714015904795058,0.5865151576180001,-1.483790737514646,-1.119865292566558,-0.729519155768805,-0.5065683777630332,-0.6543418710551034,-0.0038731180024764,-1.162134124971717,105.57,0,Not Fraud,0.26818680955326335
0.6667171611962044,-4.331598257491176,0.7230703241355783,1.082381639218953,-1.1189076231024804,-1.2818453852218878,-0.7685342028375101,0.701255639443369,-1.7544001883659108,-2.4389679462689267,49.6,0,Not Fraud,0.2495724245501698
-2.0657628462229027,-1.5163423365401565,0.6230110292977487,-1.0881463891528844,-0.2441994669302379,0.2822796609393119,-1.4807764797335892,0.5921029832024916,-1.2131384755457348,0.024807533433025,18.27,0,Not Fraud,0.09525920917507479
-1.7128763573467871,-1.8974431170761596,-1.082158135827995,0.0509923244795309,-0.4903907866398386,-1.8948510000069831,-0.0263755767600533,-0.8588442782989592,0.4736326725417168,0.4717546601296703,74.68,0,Not Fraud,0.4524374831245937
1.9869179209209304,1.0239693331057222,1.962068361898528,1.3615919258030351,2.63047797674014,0.5554969916519878,-1.9399013065358732,-0.8539202975207183,3.783494226561715,-1.5662560283650635,13.37,0,Not Fraud,0.2143857760741462
-0.121707437342597,-4.135568087549268,-1.3099875117317676,2.2840253266693806,-0.3478141416710162,-0.9772144756461864,-0.5999515076015081,-0.8385806594815023,-2.0173769977819966,-1.342775593973213,56.27,0,Not Fraud,0.27494782089635306
1.3248765262937217,-1.0823072889778709,-1.356545052286539,0.0492254031808689,-1.2712919518867296,-2.291514225058437,-2.4225773538303628,-0.2205625344089894,-1.693024689631979,0.1414922894651481,8.79,0,Not Fraud,0.004581100464475043
1.3900502315210406,-0.5939377831398207,2.002947084076286,-1.502098158066122,-2.9922121967159567,-3.4050975586159877,0.024560234269759,-0.4278342157178725,-1.194631875984113,0.2967048473793749,10.15,0,Not Fraud,0.05665670463703703
-1.0429970160624715,-1.5226391832928858,2.374466283283992,1.261307615375277,1.3458688328899566,-0.9917384065478576,-2.3580336391760355,-0.0772852374662953,1.1631943797130988,0.117269820398459,55.91,0,Not Fraud,0.127767141252688
-1.4883565654842346,-1.4851216150101678,1.0828414339163912,-0.0341943710519615,-1.238701502492969,-1.7935357465285804,-2.513251828657796,-1.344986668608409,-3.4812685409682103,2.0762436839941576,72.15,0,Not Fraud,0.007123214636768569
0.4703941628774085,-0.753260353926078,0.3920445038685057,1.6544323173800446,-0.1034407479389988,-1.70382243116069,0.0192915248072023,0.0934584917663527,-0.0793110580359179,0.6477729495107025,55.14,0,Not Fraud,0.4722019189125526
-1.5448082166516317,-1.638603990121245,-0.9803137459505972,1.5552263072850394,0.6768291787148099,-1.0613650533230026,-1.9939420060425328,-0.5284509979003907,-0.8970402177743277,1.239045023790044,46.53,0,Not Fraud,0.06330340833575669
-0.527959891708927,-0.2145223113578753,0.2860158076346249,-1.4777789275130329,-1.9099410751619208,-2.879045577331552,0.53514524508482,1.9248383620798653,0.3240360693092754,1.1163015915722796,40.97,0,Not Fraud,0.4215184469003056
1.131189717457678,1.6715381255066863,-1.577229636132122,-0.6909195800042764,0.9637470080337076,-0.1406336838191372,-0.7855693731993946,0.6875507195924941,3.09083226885352,-0.5921232109211054,5.64,0,Not Fraud,0.26474391825055327
-3.9293433236613255,-2.10712337942062,-0.6913348611627764,-0.0602968571661209,-1.861829840698619,-3.0149804457360845,0.8309921196997596,1.1529341769747732,-2.240482952486653,3.36422102760329,28.4,0,Not Fraud,0.4487044252530222
-0.2757214744405183,-3.5484148906879427,0.2305415868507293,0.1075387880251667,-2.767621533269546,-3.570551018055638,-0.0046621149505524,-0.0783866997293929,-2.468120756586707,0.0533288567140302,36.18,0,Not Fraud,0.11927181313460608
-1.9290853494062103,-2.340085530701617,0.170484680696914,0.3883237240361674,-0.7475302459634401,-3.235739889863761,-1.4370533162652073,-0.6594954368384278,-0.2201794598740158,1.4241542642594014,81.71,0,Not Fraud,0.09170940311406969
-1.105983254438979,0.8350089586575478,-0.48763907349858,-2.116122027720579,-1.0645101958702825,-0.972649222158562,-1.0328032027501288,-0.3506733936585964,-0.5726577395753196,1.476836432081324,60.31,0,Not Fraud,0.06415595802113873
-0.8139821692377462,0.9924223753183804,0.2447846196034997,0.8626448421222443,1.018788799906705,-0.3613281026638089,0.3272955469772012,1.2083232859472328,1.440078391452515,1.4438523809563375,2.89,0,Fraud,0.6918123998196968
-0.4547255653091231,-2.8525220827858657,0.8690312755308397,2.506642931409135,0.8958454284235078,-1.122660241581371,-1.5061502700073512,-0.2670037617670316,-0.1482572936102375,-0.4599968929303294,59.72,0,Not Fraud,0.2525776096580439
-2.596066984634076,-0.757016405968743,0.1254086794758444,-2.2092131877410908,-2.652930947895773,-2.501212408386863,1.12663676446698,2.208046047543548,-1.5558991983641388,2.2387653856532133,38.45,0,Fraud,0.5070239597890831
0.9328398635114634,-0.4453996774867447,-0.2812124622882884,3.062698132025394,2.3286114270239278,-1.3591249605692892,-2.64527295139146,1.1932422751414316,2.2219496563566103,0.2110076960831785,29.69,0,Not Fraud,0.10732730031249592
-2.0183473567594614,-2.4484829744935563,-0.7596517608333779,-0.2993554647448404,-0.8990857168726711,-1.5886085530888467,-0.1526265207166066,0.6421210038765839,-0.559047109348326,0.2684097064642279,68.35,0,Not Fraud,0.4388820044330668
-1.4959178408787888,-1.9357666017129227,0.5068113976630492,-0.0193886251267101,0.0685752921410769,-0.541428966542953,-1.9606703322402177,-0.042448529011756,-0.8201390603817912,0.017814856872069,80.93,0,Not Fraud,0.09809949115626916
-0.4113956131331386,-0.4974975072775752,-0.4211027721618318,-1.9177128865696664,-0.4682600277192223,-1.4064229873464646,-1.3048691664413892,-2.161055997349271,1.8703699055371037,-0.7038470051502463,77.94,0,Not Fraud,0.0884993716392562
-2.6815606611166647,-2.716678513704452,1.2587612397600685,0.7767629399900524,0.9896372348301032,1.0604691839224487,-4.281725802058601,0.5425042296645155,-3.3852444058347446,0.5525549963711351,24.82,0,Not Fraud,0.004696041032162796
1.687624163662781,-0.6049627912316924,-0.6045138605597951,-0.4040953262855828,-0.4059201924706647,-1.3209662912566045,-0.9948961791813908,2.679628693900003,1.2846653563890298,-1.530072209787394,40.72,0,Not Fraud,0.2531594302377196
2.1531879467674795,-0.3239794416356936,2.1069401822631857,1.383430882747979,1.7434495945173114,1.2073529576520166,-1.0311316223224272,0.4857471474554596,1.906161986575482,-2.580351665405294,59.94,0,Fraud,0.6012100641787284
0.4177811568545617,0.9429046769842008,-0.2338796033133684,-0.2313773988141613,-0.1219747569385017,-1.537121819552342,-3.218788802341473,1.804410826698425,-0.8854026807789068,1.7394701442718832,79.27,0,Not Fraud,0.009738116447422883
-2.569158526655773,-0.8393419914993937,-0.5402855278956832,-0.6808317951331941,-0.2304002496244866,-0.161297763779968,-1.805033465346184,-0.3201695082207257,-1.9867954135556325,1.6596064324287143,35.62,0,Not Fraud,0.03815433461495536
0.4999712988437086,1.623183682388944,0.0892282868747491,-3.907451149804379,0.0922595417258247,1.2776078054936957,-1.7490945833808589,0.2065056251458303,2.4592510921351654,-1.9774419484327173,44.43,0,Not Fraud,0.08496716743948908
0.3208507370485487,-2.409312002554829,0.8023327778844658,1.2686104203310706,-0.6206299601111458,-1.8386156683240424,-1.858690678463189,0.8277752143719177,-1.7459212764219418,-0.1029777021180441,16.81,0,Not Fraud,0.0396610318834932
0.4915941060647345,-2.707630232405663,0.9079797578051338,3.268347626502433,1.3253065136120707,-0.3977125326175382,-1.2919764623357473,-0.5883400573076859,-0.2244471020043832,-1.0932813082655628,14.11,0,Not Fraud,0.25499462829587344
1.1072237799361468,-2.232148570802964,1.2098939600191043,0.5182639979980155,-0.3772691191130624,-1.618691991393013,-1.3311010248543296,1.7097080286755186,0.4437086975544596,-1.707203024418166,74.38,0,Not Fraud,0.26046712293000124
-3.24539902792675,0.2618277811315816,-0.6517041482182336,-5.352404343374445,-3.0105699912927277,-1.678912819102791,3.320164966889454,0.721921252408372,1.821645393580277,0.6266073662966092,90.69,0,Fraud,0.9706429631933042
-1.168372596701224,1.1228080284338344,1.93065825905626,-3.76113786198552,-2.136125311114382,-1.412169482895648,1.3294164473548995,0.0708649970551364,0.9736391477266316,0.7575269546451854,47.84,0,Fraud,0.6028597999658215
-0.72983188864299,0.0657506080231518,-0.8038246482427452,-2.371307454683838,-0.6349687287677266,-0.6448391577041213,-1.6304539763557937,0.4300891561717522,0.5644407495837336,-0.1229611057954564,80.11,0,Not Fraud,0.07835232145154336
-0.0974262807504342,0.8473238156770482,0.7002219112822892,3.105053649566881,2.660076064279042,-0.2351945352796175,-1.3258156827573104,-2.3775698299271024,1.8109981080140087,1.5323578903159225,60.85,0,Not Fraud,0.31523988544650977
-2.1378309224332632,-3.944337433060484,0.8531102644497399,-1.125298985599977,-1.6777812392437998,-0.7055208611772448,1.5350394130990237,0.2676962543586619,-0.7528963426988482,-1.757841294110943,30.65,0,Fraud,0.8577346314673806
-0.7090798128799991,-0.1995065067410332,1.4663118029178597,-1.4410942470411656,0.0223894368927159,-0.6334370216203438,-2.317169371846916,1.6737437539834248,0.6247929200440134,-0.0153874816091356,60.84,0,Not Fraud,0.06851398273124348
2.428521343926898,1.6043360301274543,-0.1333903221116225,-0.4525825205050651,2.2062928713378707,1.258724077848636,-1.7813688452502765,1.423264921065661,4.472749702292649,-2.7160035351902554,96.14,0,Fraud,0.5050764505528373
-0.2403454500676412,-1.6259492974023295,-0.230710972484823,2.479148645747773,1.5765596985628598,-0.6057705015822866,-1.660772930476369,1.3429563316312263,0.6998711171190234,-0.1429187542460972,48.93,0,Not Fraud,0.3177542245895252
1.852725633609776,1.0737011201138986,-0.0810707410080247,1.8972200125652317,2.047150797388843,0.5149093986260396,-0.8253017629424926,-0.0980310712797879,2.311639193661126,-0.7153646644216126,96.94,0,Fraud,0.6365509422080963
1.2861296075302775,-1.928392932895714,1.8619148781501729,-1.0389293259739758,-2.4988961300516,-1.7030211069511223,0.2475580231278713,0.6012367881516733,-1.8278539183531883,-1.3637158904065174,28.59,0,Not Fraud,0.21508649150614606
-1.2415936730130177,-0.9997559492317591,2.277688926030931,2.3900233040794348,1.4427449179031495,-2.061976723590436,-1.9501404535821028,-0.7372616763919609,1.120601321819996,1.753380990966363,74.66,0,Not Fraud,0.17743193242684643
-3.524297812727315,0.4370437849504323,-2.65508201787949,-1.5806082417459413,-0.6961122455666178,-1.440618256967474,-0.8737638041953333,0.0659311085789004,-0.8128604995053947,3.3677767535752454,52.61,0,Not Fraud,0.08781845711535309
-1.316806784827552,-0.9701715170163996,-0.7725086063921601,4.032905233500582,3.740947488293352,-0.9187028595782992,-3.7532154196218337,-0.342994225602232,2.3250509141619764,1.4461552079487774,41.03,0,Not Fraud,0.051545494081910524
3.0294939480621013,0.1118598852284866,-1.517253860572105,-3.2070421491542525,-1.3345617287726423,1.096409280676354,-2.144792486918337,0.0192034209655472,-0.5433521427985972,-3.601830506850752,52.75,0,Not Fraud,0.014667032736662838
0.4093789850705793,0.0463392091046002,0.4539358884037746,0.168051336630493,0.4263785120207154,-0.4268823972941133,-3.744161374925254,2.6478842135570875,-1.3012996627621969,0.6537176625316166,9.63,0,Not Fraud,0.0055130565907554035
-3.2510823623742,-0.2369470071888351,-0.2029683431478853,-2.024401374440961,0.1785108568720543,0.8127008403948603,-1.974349693743339,-2.8151236899058496,-0.8664016324222756,1.196877208073337,43.41,0,Not Fraud,0.027052833565041286
-0.318783250788622,0.5021117220092794,1.8146491673230776,-1.7000770528296176,-0.6167553476598573,-0.8721816532498572,-0.5855810545595133,-0.082143045572865,0.8333208498405413,0.2255619132222985,60.71,0,Not Fraud,0.24155561784985563
0.7719098578583055,-0.8621312829934604,-0.8605073265053105,1.420883020486715,-0.1578918067319918,-1.37263388918857,0.2070106653940306,0.5995786278137534,0.0637254220069927,0.0076556213521786,94.34,0,Fraud,0.6544886377498725
1.1549781370804817,1.2318837194322714,-0.9439850153478884,0.5741862849234441,1.3776734913425086,-0.5890506456692814,-1.2793577437303183,0.669868037904822,2.772304877471667,-0.1203473367056531,34.45,0,Not Fraud,0.24632106387332947
-0.796333105143899,0.2549422703704893,-0.7546043823932729,-0.7392715559078973,-0.2267669790003617,-0.7322185878808398,-2.007862608100612,0.7004970631581634,-0.8508291095335296,1.2808253460323855,25.75,0,Not Fraud,0.027636106220860296
-0.8456867586381331,0.0075487212960143,0.4394858279957648,-3.0733554004583974,-2.5315246860503766,-1.1535285640735062,1.06703555148101,1.7967534654264914,-0.951609430181256,0.3733218962917289,34.95,0,Not Fraud,0.4844159052769674
1.449353359045931,-1.8169648652994843,-2.193647926258873,1.6926812933663982,0.2269418899092944,-0.3473294644794941,-0.1963373757956796,1.558628017070086,-0.0415945277155442,-1.7222855134854755,77.46,0,Fraud,0.6380566937020451
-2.021950755174415,-2.2114191505808023,1.9008887896036848,2.6560732635864417,0.7075226623772773,-0.5520216074463524,-3.751975301484896,1.215065605591639,-4.295583343783171,2.4760270733580625,59.86,0,Not Fraud,0.009355498753577513
-1.0787447600478666,1.9830492051478288,-0.4076605785659349,-0.8085254904395096,1.1705866289424431,0.5288145594255418,-3.925848554318305,0.7200135318362517,-0.6651555322522023,2.23793952857096,34.11,0,Not Fraud,0.0039338546997963065
1.0332062512004296,1.9077363410078187,-0.6886499086367672,0.7139648505520757,0.1642324301464956,-1.6691571880760483,0.3950258207170039,1.9684512893602903,1.5361294952723834,1.6023053987980944,65.4,0,Fraud,0.6746954488207474
-0.1629709938287756,-0.9185986043106394,0.2872965727490871,-1.5379824459714992,-2.3063725721815675,-1.8837764205216705,1.3743478262319346,0.4811458907651867,-0.6849344565004141,-0.0092863208321419,52.91,0,Fraud,0.6190391920693746
1.4256464734549743,-1.0243605398759832,0.4410358348507628,0.4224333530229351,0.4015813687018085,0.530952771303246,-0.2301949475023698,1.635007165731419,0.8478190059712568,-2.318247758378273,79.06,0,Fraud,0.7324148423128026
-0.7517345450225872,0.0846472133074129,0.0914800059775685,-2.305153064141249,-1.0174818000368897,-1.1676646919480904,-1.2208736651099623,0.8958508801028059,0.3347596135172139,0.2988939776933089,28.94,0,Not Fraud,0.07220107697509782
2.340322636685368,0.9654306960809012,-0.0313411526697224,0.6841252076315825,1.4717464151687902,0.7380530690682348,-0.7898671481815875,2.471933772431857,2.489030014716505,-1.8063864463441817,40.17,0,Fraud,0.6059701101454757
-1.2608969816032487,0.9081413586772984,-1.236953258442845,1.049380336438885,0.8879407047922296,-2.554499480128733,-4.908607884250488,-0.2010879356003681,-0.9629312677073196,4.034909244682338,38.24,0,Not Fraud,0.0005054572239193921
-3.8794032820756,-1.6243453615170431,2.132146460143701,-0.7153461920388142,-0.5413151798716858,-1.859340200330661,-1.4975815517416815,0.1919220050361132,-1.0527509854838977,2.4986853300537657,6.09,0,Not Fraud,0.06252955338098527
0.5936603927533539,-0.2523833367530016,-0.7158259138747501,-2.218692394664997,-1.6969057383684338,-1.3970888035887712,-1.0788061597704095,-0.922024325177182,-0.4018598610524058,-0.511378490290041,58.88,0,Not Fraud,0.041313340144678655
1.6085790914316402,1.4748880024730444,-0.1645145317961699,-4.054935370236802,-1.4230358314517335,-0.7149183769968708,-0.0111575917690807,-1.474778541238395,2.821642297329612,-1.9922099256661452,57.83,0,Not Fraud,0.2056490334459358
1.2567958295198682,-0.2462852438402095,-2.5782928501405302,3.1467639053948724,1.8025141376326528,-0.5524598543571855,-0.9907195842226152,-0.5196744782036353,1.1747151060695713,0.0480455567860755,50.15,0,Not Fraud,0.33407960243029056
-0.706304861990415,0.0679682058503139,0.7577547802081833,-1.7916380293972978,-1.7774601560528511,-0.8489209874305033,-0.1893690131776224,-0.9750213849385142,-1.9298126225632108,1.038996235537414,42.96,0,Not Fraud,0.10067962878724086
1.340764400772477,-0.3895436567255246,-0.8252128755457164,-3.02857394203807,-3.420549644387745,-2.157333176350887,0.7914662827149983,1.2904253246168622,-1.1778441757353773,-0.8186350332057265,7.54,0,Not Fraud,0.1541370913596437
1.0951925119603303,0.0014989755412133,-1.3045488995841097,0.3531390109607483,-0.2225852759519981,-1.4583261816876951,-0.0489696992165842,-1.5132794691577722,1.1074486856717969,-0.1900845768016038,37.38,0,Not Fraud,0.2609097444842469
0.519071914153246,-2.3876134971781973,-0.1986021553534843,1.217146306555562,-0.7855242507468835,-0.4536761461206061,-1.929375344739538,-0.6880821265803181,-3.630553671565439,-0.3561086889724366,39.72,0,Not Fraud,0.021422171326790158
-2.567308979648728,-2.337930662171613,0.1555794692306387,0.4829595028104256,-0.4215354109442217,-2.6301367020618867,-1.4724097179061673,0.2782045960209798,-0.5229226905821985,1.6720116233566102,25.93,0,Not Fraud,0.08021659131860989
1.969825927438344,0.5005162299587893,-0.3330397757389188,2.9514821479733744,2.342706874586616,0.2101881751809025,-1.0970345777367574,-0.9023171545945426,2.068674188906208,-0.621946378591512,45.16,0,Not Fraud,0.403146612555201
-1.2072384893860155,0.4750141366951124,-0.1655789725675944,-1.882845514654762,-1.7114432384026186,-2.3292991727604373,-0.7422222628757942,-0.0446276230664421,-0.8036638169170525,2.166902329951806,62.12,0,Not Fraud,0.06595790495763214
0.7302379463683839,-1.2472130669085433,0.8258526698277096,0.8628039668935773,0.1668691627329058,-1.0946769928088511,-0.9205294017222098,-0.5439100535132576,0.6194048192694176,-0.8295493583254324,106.59,0,Not Fraud,0.36356137657268967
-0.1882577877410062,-2.437899952187056,-0.203298244576805,-1.7744882820479098,-1.95409699086598,-2.081287350011478,1.4302695498538842,1.3653287482758214,1.3638258903879454,-2.0229817787381545,55.24,0,Fraud,0.845474094215415
-1.3265697591454442,0.4169918335658156,-0.8415074589115312,-3.1662335243742654,-1.56611480408974,-0.4621974220137721,0.2457943512613531,1.1012195807277088,-0.048138451555857,0.3430313732141155,57.73,0,Not Fraud,0.3641103025130239
1.524398466720077,0.697690687473558,-1.902626236431442,-1.6673205666641162,-1.2694284305226808,-1.9403061674940616,0.0882005894318302,0.8145354596953241,1.674158911793851,-0.5917760751961944,47.77,0,Not Fraud,0.28021158920137007
1.1758791282519867,-1.8976374532547644,-0.614423524447842,-0.4511475922018628,-1.5086902232208184,-1.9804452736147296,-0.4505781974918342,0.5541429265127488,-0.267938173957148,-1.407744191178015,7.56,0,Not Fraud,0.12568189501403648
-2.8378392722178827,-1.7535896495293295,0.8047874435273991,-0.9216242555863328,-0.4811713885921964,-0.5289583723095309,-0.1188578262819237,-0.4840196231962784,-0.4379229630422668,0.5588837675237147,49.2,0,Not Fraud,0.4307897104426736
-1.582480015919359,-0.7800983953080449,-0.6270365091498445,0.3506811556903801,0.2222156094981852,-0.3318725782408407,-0.7671168442427858,0.0746280098168473,-0.6719506225944524,1.0129643278415292,51.81,0,Not Fraud,0.2626212672263886
1.869588528305809,0.4166633454409774,1.538265640912035,-0.7641803127627209,-0.8594615236278095,-1.631706315214387,-3.738908344093593,-0.7412553675094832,-1.478641880700086,0.3477263880784099,123.9,0,Not Fraud,0.0027483700306521197
-3.146333902384837,-2.2080384976246608,0.9901247868928168,-1.595790754522737,-2.604933190351374,-2.40499599143107,0.8447487104439986,0.4136263777143353,-2.371754394531093,1.8406198506776696,44.23,0,Not Fraud,0.38952113669424204
2.5165873899637896,-1.919354644480466,-0.0487762645006168,4.730558959694839,1.538685534305975,-1.208197465322023,-1.263866993472817,1.5591822904823514,0.1001001565466671,-0.9132970601747692,59.05,0,Not Fraud,0.44069183115387295
-0.0526301046979407,-3.671153865193132,-0.8525725887464994,3.553620717343335,1.688297415145071,-0.8192128076631522,-2.8697763527154048,-0.4135312588093302,-0.339158399251215,-1.1081904091140442,48.96,0,Not Fraud,0.0636046451446861
0.6669312871702384,-1.0718861892765998,-0.6251074206936527,-0.3561738879127258,-0.3657817118731683,-0.6135907424473939,-0.177565260110186,-0.7194723843379374,0.7844792431093347,-1.4585885675989938,14.94,0,Not Fraud,0.2806235825875457
-1.0865657506702633,0.3663316542996337,0.2316699390187268,-0.1900807170209205,0.7562482254965786,0.3352820087797366,-5.520109578606566,-0.3145003933502,-3.0711406932175813,2.094931315551825,84.28,0,Not Fraud,0.0004060543776422004
2.072735756150343,-2.9468260339521035,-0.461975597971284,-1.1846842776375075,-1.469116079643249,-2.227619118817465,-1.6976680929368249,-0.5822670625087771,0.9909449335540106,-3.4920011148531707,72.56,0,Not Fraud,0.05275135580848286
0.4414122603903587,-0.5836135198901778,-0.6277549867574896,-1.156078539579847,-2.5028192746246045,-2.699755727764196,-0.4268940634680722,-0.9329484701730206,-2.0027491863066498,1.0019882123129575,73.73,0,Not Fraud,0.0519094205105262
0.4614392919345484,-1.8233810178206256,-0.0450444784551535,2.635417277878138,1.23216260578894,0.0078538956187554,-0.6917648068046204,0.207853238137646,0.0683037300463165,-0.9011728858542886,22.72,0,Not Fraud,0.45875444109306435
2.0408044787886643,-0.487060674807026,0.0811245834185029,1.3311893008804416,0.5668079391367864,0.3838685038048115,0.3174909758597597,-1.1245216796138953,0.7872216300518611,-1.8442668735695569,92.08,0,Fraud,0.743072224184209
-1.1550225847325668,-0.6103653008699799,-0.3166577647366437,-2.19115501070143,-2.540164935622319,-2.038416482688268,0.505394336996795,0.722495769442937,-1.5615274767562002,1.1291990369977205,7.94,0,Not Fraud,0.16932460309965205
0.7425738640638574,1.2819511829421373,-0.9198981704461536,1.0621842352527506,1.0154616877611669,-0.3754907117201526,0.0385627373884622,-1.6110027678851675,1.6815903988542436,0.6194595036111784,67.61,0,Fraud,0.5293793217665506
-1.711767341057829,-1.3606320167778552,-0.4731831063071136,0.8228909446522692,0.2534758084457453,-0.8275337995490588,-3.109678241427585,-1.1193908797459098,-2.3514503729599032,1.738982016476007,115.71,0,Not Fraud,0.014648799024580089
1.6987667624296052,0.4798206268942426,-0.2026532628221493,2.836301889174905,1.7282630149074387,0.3540414831214655,0.0914590000016455,0.1211821519006783,1.198106965496922,-0.3081067700921167,20.28,0,Fraud,0.6982915508296988
1.382552655255463,0.3257245114225968,-1.0513290180232788,1.9375205299815408,1.767112602299343,-0.2947344618102007,-1.1826188433524352,-0.6227305810037479,2.149529545968327,-0.4929204602493538,33.01,0,Not Fraud,0.27269637504273775
-2.101207126075102,-0.1877964944312909,-0.9183161373284012,-1.4959406013583056,-0.5341023694449903,-0.7692568116944402,-0.863221912528437,0.2461839442959672,-0.2617324711170955,1.2867240360351138,52.99,0,Not Fraud,0.15296300192009574
-0.5925524136805798,0.5730473161258451,0.7385660392020614,-0.8792476831972673,-0.6742534634763216,-3.1079336266436397,-0.9142292370827944,0.5985950914443922,1.6513698292765189,1.784052556485937,34.9,0,Not Fraud,0.11909552655051629
0.1479414979977595,-1.236085287332583,-0.604675181631919,-1.2118103688536188,-1.0893873978532926,-1.378610617663611,-1.190274759844384,-0.780043158149952,-0.1393341617665651,-0.7700464432187833,3.48,0,Not Fraud,0.04018447767604754
-1.5889245366685354,-0.7831809338521684,0.7946412035736589,-0.7873697469517822,-0.3587262788943689,-0.1060785480356578,-2.6437899742500406,0.1131600113927831,-2.3946692294050287,1.1268602149092086,52.06,0,Not Fraud,0.014938309524628372
-0.7040655701915446,-3.157928581049586,-0.2477071984344973,6.419329674746402,3.886145846667707,-0.8235370979693697,-3.9201564412042247,-0.3599055371832482,0.3321695627825498,0.6925362569232739,18.13,0,Not Fraud,0.043551910514290616
2.604445767895675,0.9142097631565458,-1.0851415431623328,2.5380706726861164,1.501831042595761,-0.2184921182380562,-0.1477359483063824,-0.3730586676639155,1.7844103225424408,-0.5509767760026841,64.21,0,Fraud,0.6220271696347901
2.964642545016217,-0.5808846237331688,0.0469362984152277,-0.3828240643692242,0.4493927453937328,-0.2898105449775049,-1.811511630058758,-0.4962058757415074,2.4320371966357994,-3.3571967156361198,22.42,0,Not Fraud,0.08045904107351849
-0.2103120355671028,-1.4207240127347671,-0.2281513492882343,0.6654758588062767,0.9751596597592532,-1.887356351659489,-2.994822266340214,0.3600164652382253,1.8987963138139696,-0.3341317582249538,96.5,0,Not Fraud,0.05701376031087612
-0.2490033507834304,2.024643980118575,0.3237550672314934,-0.0751491439098333,0.570785931889181,-1.551570815172097,-5.085528130482314,0.2424629717227108,-1.4020755972515953,3.4616215407727537,26.5,0,Not Fraud,0.0002932655875003989
-3.493944110986209,-0.3169812900797746,1.0171742141701563,-1.345591283639067,-0.8288960788349976,-1.7485297154517976,-1.252056767667051,-1.0237344452778183,-1.1549898404295575,3.0904906953321465,40.34,0,Not Fraud,0.05013291670226622
-2.2188005862131552,-0.7767712317998446,1.2221941801067953,-2.482315044466432,-1.0443096575401587,0.1140046109769987,-1.356857566973906,-0.996044940169892,-1.5227383149269311,0.4411471750823241,74.41,0,Not Fraud,0.07004820274594825
-1.2536457069394964,-1.812600383722726,0.2735945732616776,-2.814570818382796,-2.942295638699957,-3.749248322987732,2.7968028867796653,-0.0466247652146691,2.269162750014607,-0.5568879893961521,13.07,0,Fraud,0.89013121437857
0.5940286504496441,-0.6701821792374032,-1.0105906031585947,3.559687851190409,1.854588109383906,-0.3572644652286656,-0.8350439269433613,-0.9831031471441491,0.4501852587040311,0.4412433402218271,56.82,0,Not Fraud,0.42279745810870467
0.6677374610729947,-2.270528097131323,0.3601309512775626,0.2893814329496476,-1.4851207116304015,-1.828224946539602,0.1757604935749444,-0.6673840543601282,-1.0361991225173313,-0.9283450859912982,89.21,0,Not Fraud,0.40069171342158033
2.638917811211745,-2.1886199021717,-0.76825532039177,0.7070181084722478,0.0084278014589226,-0.9520541073686086,-1.7512915796585673,-0.8652090538522469,0.9495855008726,-3.20886283051017,1.78,0,Not Fraud,0.04883281171843494
-2.220036302892359,0.5307750806737541,0.4113602775697078,-0.8975448352091268,-0.2460954749891324,-1.1382533300048503,-2.053247291756611,-1.2125219470836786,-1.12265510844216,2.781426476459392,55.54,0,Not Fraud,0.020953798706352295
3.054841464229417,-0.8974836788240965,-0.0932606655417646,-0.0823872496861948,1.2830424923780293,0.0847319790448768,-2.65697868975356,1.1722749596080682,3.3439608547621105,-4.0883997210969785,57.8,0,Not Fraud,0.11542073567954007
3.038915473453516,0.8065680582777657,-0.4222006848047443,2.229726436964991,1.364506602781052,-0.7151959947911173,-0.67542734440666,-0.9081539486076704,2.25321533055666,-0.9322694438915976,73.45,0,Not Fraud,0.4275802366761381
-1.0537477563267077,-1.0711995587950494,-0.408419850131317,-0.5321968019017407,-0.6800355269228734,-1.3852108342309384,-0.6314319881085504,-0.7295729332203905,-0.2220084023511537,0.4859600207561885,12.89,0,Not Fraud,0.11860268023589587
2.625036194768678,-0.5451193289783319,-0.0044817963767913,-0.8562821747656376,-1.6184627779686962,-1.6313401697512235,-2.730019953724488,-0.7175586392000529,-1.869584900897092,-0.9468401911402848,10.39,0,Not Fraud,0.0021635085762591964
0.9853927151656912,-4.569960663403454,1.516347465799197,2.6547180144060905,0.7016814726373077,-1.0039422967451783,-2.526256111406004,0.6742483084247656,-0.4243765164556585,-2.835446912541625,65.66,0,Not Fraud,0.12518925194917432
1.1595553199480546,-1.1826544966890689,-0.8784987909695048,1.8060918984253425,0.7835745500852948,0.1060260623138611,-0.3749943672917025,0.5247925755013217,0.27357513422958,-1.2884488020727394,58.91,0,Fraud,0.5680595422229342
-1.8837455509196688,-2.4279968980899094,-0.6958299463922752,-0.2049487762113793,-1.1547342676614312,-0.5526137913474087,0.9333147659732846,1.0570434191653657,-1.6312062758460404,-0.0159301239234569,57.51,0,Fraud,0.7487726588848893
-1.4989502418270826,-0.3016925121485508,0.0098137403964043,-1.2959247948019368,0.1703587721557233,0.7975789966108908,-1.8805131681755705,-1.6539595596163144,-0.8301028155307313,0.1914225886234792,60.39,0,Not Fraud,0.04869449782878674
-1.409783348599397,-4.809102677050893,-0.5493500912013305,-2.374691162998448,-4.510195381328678,-3.8621409721849007,0.4999471092964971,1.799738291727098,-3.219525126230057,-0.7905475823752889,29.6,0,Not Fraud,0.1412098287726101
-2.630854778399058,-1.4195546657149565,-0.5554003994423388,0.4134590052881175,-0.7354279262766291,-2.444266168316595,-0.5383631844714942,-0.7203883588004716,-1.1112936275168244,2.5602913703257864,56.97,0,Not Fraud,0.16711718645533674
-0.5674172951554808,-1.752652930505748,0.3651810403026461,5.067553012478189,1.9869252941308144,-1.4185982652157323,-1.0876972566932863,0.8583732319721272,-0.4851068348890575,1.832522139440032,58.79,0,Fraud,0.516579789205549
-0.3568638596357484,-4.120881635626288,-0.4709898102640032,-0.7445042590522833,-2.888967199757457,-1.626911254313632,2.6261534065589034,0.9363373808293304,-1.6270788964270315,-2.2095167020063955,28.57,0,Fraud,0.9134325114732723
0.023124152281611,-0.6982094691775966,0.7240750507443041,-0.8895334841629182,-0.7698904461772803,-0.2259846136642626,-0.265454040075023,0.017183850385528,-0.5530951494929275,-0.6308705739553581,105.97,0,Not Fraud,0.4351187023506159
-1.702388009403646,-0.2437743763520464,-0.7256174565632872,-1.3417150440029053,0.4231946385689242,-0.2831233599497891,-2.7531688486675923,-0.1743628364125342,0.3197442462701487,0.6010670290863158,64.21,0,Not Fraud,0.025551428722988524
-0.9688383993803312,-2.4271691446165478,0.6273281202738094,-0.3776333528680217,-0.4807164282016424,-0.3244469841128703,-1.8924499338299292,1.0168308890128517,-1.5452858061665733,-0.7823618309953546,14.26,0,Not Fraud,0.053942190326827864
-3.080500472392587,-1.831768330262334,-0.2473509271489131,-0.5959971011546552,0.8891354450563983,0.6555402467166833,-3.1754986519150306,-1.1485833152387388,-1.003176099933047,0.4180735031944184,69.7,0,Not Fraud,0.021832420328219155
-0.7929977206688823,-0.5340027023218195,0.0380845057194924,0.4025446742459639,-0.015271742208299,-1.5828336140368582,-4.82854881466806,1.586114131421312,-2.7833162255770043,2.29832872528132,20.76,0,Not Fraud,0.0005758112620240097
0.3453057297991166,-1.151869009064258,-0.5017577611697203,0.0253842990777228,-0.6033486247062069,0.2273364340099541,-1.4039593553520344,-0.056506124659208,-2.4078994006086023,-0.457441923890082,73.61,0,Not Fraud,0.07981758749780192
0.1607791316892954,-2.739435402293976,0.4524964561026824,1.5457010083436384,-0.4438114918544635,-0.2533668359673703,0.5708743676688823,0.6397375066988947,-1.517349089236312,-1.237897142401587,84.76,0,Fraud,0.7966774953451992
0.2612117185363567,0.6915706985750387,-0.2629749140157042,-0.4883877273638775,-0.5553527555462695,-1.8691224907020163,-1.563657012015929,1.520664172981186,-0.0404427325502709,1.3624047514835904,25.38,0,Not Fraud,0.04733773924907226
-3.954663114281683,-1.4357894995708962,-0.6085918055692785,1.8248923058114963,1.0360427800895793,0.0837703994315108,-3.782650199925584,0.1076034362229507,-4.326432663675398,3.8296318356832977,78.9,0,Not Fraud,0.007373141108345832
-4.473429074727726,-1.006393261170378,1.7706418724626731,2.436346714994363,2.2378573446781007,-0.2281815013759007,-4.937769833889569,-0.1415844192943381,-2.903323660659673,4.510293701177362,62.38,0,Not Fraud,0.0033220134202618904
-1.8494970819232317,-0.7274190122359991,0.6626783576861647,-2.9821200171549296,-2.942850854003477,-2.488900054261033,2.506196221440201,0.0448231319322847,0.1571304060591349,0.7834890793654988,74.66,0,Fraud,0.8750369245509406
1.073627817924454,-1.6375381303430303,-0.8410484303982945,2.6509470552635177,1.23754975595988,-0.4636653067243844,-1.2063772584749444,-0.0370080940732336,0.4543869339513466,-1.0119523633151144,106.9,0,Not Fraud,0.4487928831008491
-4.14730690337154,-1.6236252135386104,0.8817464007600121,0.7121799123975376,1.024927431681529,0.40916181219864,-4.236156767398072,1.195941907435307,-3.600027998261892,2.9454518657049125,42.64,0,Not Fraud,0.005082216191235248
-3.229726736209513,0.838960107902849,-1.6455122451253463,-2.0717376284043265,-0.1807727028030774,1.3623435801781365,-2.0174985578380187,-1.571489187576273,-2.7814798010326145,2.470424887400472,27.39,0,Not Fraud,0.012542720668109299
-0.3293640470124992,-2.066445764784701,-0.4281453309928047,4.967276944191028,2.0487982416543185,-1.7472946484323897,-1.9342238718129503,0.1460106097757269,-0.2325253080755958,1.481074623383789,23.31,0,Not Fraud,0.15587394034661375
-1.7637382830009471,-1.5419560059348405,0.9437016343998412,1.5197130431816617,0.498539183946382,-2.616346421957374,-1.922340921525472,-0.0779080463313184,0.3244200437175168,1.90872239248874,25.53,0,Not Fraud,0.06837900507844057
1.1591020112318828,-0.805190895563451,0.1886123419750117,0.8635436993810326,0.164749549874923,-1.521155620499528,-0.0920987982321479,0.722776773932773,1.807162398817514,-0.9522899811645238,47.69,1,Fraud,0.5769035353267173
1.2118705842586404,-0.5243051300579908,0.7897321246320076,-2.795847710089026,-2.6257482965649097,-1.33318656245717,2.0251997095830374,0.1441163627796819,0.6458893665667957,-1.9162536400027907,60.23,0,Fraud,0.8058372702774975
-0.4212670048719129,-2.641894278141531,2.2022432733729134,0.6969509060143271,-1.384100760960438,-2.01142746066685,0.3404208215452298,1.2285720820619974,-1.4358729838164028,-0.0952475188683237,58.3,0,Fraud,0.5739672502034994
0.1394570778221238,-0.5985467008088192,1.041732852654597,-2.0456906092417686,0.5528600061415027,-1.5605195236580052,-3.2877025135965723,0.6819932992541455,3.749992862969165,-1.7378886973831196,74.82,0,Not Fraud,0.034210251007545725
0.8908982459972494,-1.854503097062344,-0.2911637704263413,-2.0377521014264195,-2.423430914395305,-2.6750482903305395,2.3426609782485945,1.293989213291668,2.206903577173017,-2.362559951324583,50.39,0,Fraud,0.926442287103243
2.0720433187329634,-2.946587133965956,-0.330810519522272,-0.3987135272212707,-1.0713749713593033,-1.463921358566015,-1.5582082183369854,0.2615185967258301,0.2409741040110341,-3.36146578749968,93.61,0,Not Fraud,0.118038643362224
-1.3474300318142296,-1.083399382451793,0.6040248469495526,0.3840149711035032,-1.2483156963162614,-3.637726644783401,-2.079087425312468,0.527568116112033,-1.7323262098514882,2.898976352755042,42.06,0,Not Fraud,0.014578835072613145
1.2459407155353306,-2.004881946953174,0.3479160781208834,2.23819191133109,0.9215446247093156,-1.2584599906685352,-1.94366516551164,-0.6298862375727151,0.7092182188689973,-1.223843901288017,131.61,0,Not Fraud,0.23017346440369135
1.590527270184742,0.4321465349860653,-0.15575530858321,-2.1541031716268693,-3.0569887081445453,-3.0363255230641726,0.1198443765957508,1.1030832782933673,-1.0760814997926,0.5443763291288739,68.77,0,Not Fraud,0.11152153282747553
0.4769292814044419,1.1827039950617904,-0.4324011872779615,2.7624900499517917,3.4309683100015134,0.2479153236662776,-2.2641596036739924,0.9343117376707712,3.263389294807048,0.5332691335102155,24.29,0,Not Fraud,0.26306710741241074
-1.5957667578165116,-0.9007062751072696,-1.312912976758239,1.247054326175582,0.3613454341041794,-0.1432585688088976,-3.693612350064324,-0.4044622879241036,-3.957292945638151,2.423707967001483,17.87,0,Not Fraud,0.0019865307341144322
-0.8464414474984221,-1.2599195629709512,-0.2407025718473096,-0.5704926955998371,0.4723599973358268,0.7020520391205756,-0.9482792523246676,-0.058607075782472,0.5076272468683014,-1.2722685899258348,64.47,0,Not Fraud,0.3616055428448819
0.4662046218724482,-0.6976797904990499,-2.229676640729981,1.5458941280056004,0.4631241823500589,0.0191882675190802,0.2728383451461469,-1.4786735963102973,-0.1731617852202729,-0.2970777171348849,43.3,0,Not Fraud,0.49329973461864085
2.310066679353505,0.6034598541365712,-0.8535662847026064,-0.5814367684124748,0.014694316783117,-0.649422357037039,-0.4344020234119091,0.4790026240919887,2.242331726983218,-1.7221902061150465,71.42,0,Not Fraud,0.40672616372967635
-0.1951837036426704,-0.0072066686774682,0.240487649467761,-2.1345287059774325,-0.7845018472634124,-0.517146372408204,-1.19943793871197,0.1753652406553341,0.3429531385096929,-0.4767655794156894,64.2,0,Not Fraud,0.10944165127398776
-2.918795150959798,-2.1580804832769127,-1.1154200035302062,1.522147312604773,0.1942959698346706,-0.3723740727341523,-1.7759743343367624,-0.149966291170861,-3.302537320177472,2.1888645934898268,47.82,0,Not Fraud,0.06084221144263832
-0.1693205865696221,-0.3228290893292571,0.968498802624876,-0.0247306158225013,0.6835246459742813,-0.3018678893846108,-0.9997084419138536,1.5401078237440315,1.4546252956165555,-0.4839859457455098,24.6,0,Not Fraud,0.3558474587021209
-0.6057650461831936,-1.1611886043316946,-2.019926173942275,0.1052635842597018,-0.9630690787555444,-2.556220965165169,1.4109974903081062,1.685064345333184,1.3206747883929624,0.3865876017499696,4.55,0,Fraud,0.7820470817693082
4.141086296009883,-1.4507742131431114,0.3821171705925179,-0.5431240941531463,0.0060509152723338,-0.0109192169601322,-1.5736947546296924,1.509240019827501,2.2628768080596213,-5.102128115078089,36.6,0,Not Fraud,0.18885190320080275
0.953581349243534,-0.1550990679928287,0.0554533351576991,3.299824141859966,2.3603492274407984,0.1189996556169692,-1.2976570771716556,1.9435840873775632,1.2778208158873734,-0.0101931509433277,75.69,0,Fraud,0.6253881632634324
1.746634208253378,-0.9570603990315414,0.0617346764602967,0.4308910882378149,0.2600488661678495,-0.8154244577992911,-1.2900461614157297,-0.8446772632932499,1.2961896476444357,-1.838178132929788,56.42,0,Not Fraud,0.1579476053373449
-1.2380738484453462,0.2245955326967665,0.743009694050077,-2.501318149123012,-0.6608518872208455,0.0760160472370807,-0.0319747700354802,0.8259522089259458,0.7725933545574912,-0.2190368963849775,12.63,0,Not Fraud,0.36773225951526023
-0.4819505127058563,-2.590141935196385,-0.2810231972760544,-0.9390278402076826,-2.5432048831791803,-2.2795252890800493,1.6459844138747726,1.3741358241501094,-1.0635615683965822,-0.6610847275898174,55.2,0,Fraud,0.7749566846905196
1.817935458158268,-1.6841690676910868,0.4660667482786038,1.443963450957454,0.5389987184358279,-0.4252131640552363,-1.0187701710433976,-0.9724506376870052,0.7337785841174898,-2.1624968272696843,61.56,0,Not Fraud,0.28292692364080146
-0.366520068253376,-1.6275691838130195,0.4944975317803214,-1.804593771747919,0.0308704997980085,1.6279005490500813,-1.789954808488174,-1.135012098186069,-0.3089700358483698,-2.6072353969843927,23.48,0,Not Fraud,0.06602859456076729
3.59892202726494,0.2257493818545817,0.9964626154129836,-0.8699722348295844,-1.7961765122946889,-0.3340160011533917,-2.6106627417894384,0.1660188478745722,-3.44270575002793,-1.1418580394206317,54.61,0,Not Fraud,0.0037371914267939296
1.141890979949047,-2.1981373181246293,-1.135432309030569,-1.3979741495352205,-3.235179446732134,-2.516501464472425,1.7195511187633468,-0.2820770568763486,-1.2448235385818538,-1.4314840800074893,51.75,0,Fraud,0.5336282611874992
0.5300445326917703,-0.4230834803965676,0.406085109874429,0.9758156604200188,0.4811545367751623,-0.8532596938453947,-0.7118757035960313,0.3473898417085552,0.804389298195486,-0.1397197376113486,15.71,0,Not Fraud,0.2756228506857164
0.3346471830619035,-0.603830133878863,-0.4944979738149775,2.936864357474631,0.840016387295323,-0.6243595235384868,0.3952630309690699,1.0531214525238028,-0.3350246936651351,0.8294785096345746,60.73,0,Fraud,0.7854886824315147
-1.928913599922141,-1.3913725957381402,-0.0748184203505853,-1.724000402027675,-2.6218935235670124,-2.33142357188912,1.2742357157374298,1.975705101230074,-1.629852709818921,1.332857234335496,66.82,0,Fraud,0.6496157210159672
1.5529483528851435,1.5322063865946038,2.191638255054987,2.419482967188461,2.281174955879815,-0.1060027763688996,-0.7941072269928235,-1.4330404046178542,2.632028632466169,0.3308576328823474,82.49,0,Fraud,0.5824299543077379
-1.2776104439551366,-1.263801618450022,-1.796991647279401,-2.629367915404809,-3.162030228947616,-2.41373187151097,2.912896861708904,-1.8794669639461663,-0.1864106860013414,0.1191462665569544,81.61,0,Fraud,0.8528611272083065
2.5368204341039355,1.6145648735328315,0.864584791751771,3.0207582468475245,3.669677977610723,0.9404073126258874,-2.125631508159852,1.3101948560543004,3.8300403895807658,-1.0275016185905903,8.67,0,Not Fraud,0.3536132055676892
-2.6468089444877343,-1.4778043031816015,-0.550451872689212,0.3188628248271503,1.187991677799395,0.5278809459584208,-3.940521950917772,0.1326846191330768,-1.7843173947554425,1.1517925363932358,21.87,0,Not Fraud,0.005713010406911212
-1.5366856518552865,0.4720352112876473,0.2618572072457253,-0.4735828152708069,-0.7752182575688266,-2.223852035198402,-1.6035193965045793,0.5933365996313634,-1.164626170525371,3.033180306884001,65.45,0,Not Fraud,0.043214366213093776
0.2575539756352082,-1.2737142666597925,0.1050759712082949,0.0726455090105553,-0.6335171626335289,-2.813418258221131,-1.6365362043684724,-0.8850286322627987,0.6782719908304307,0.1538272821041667,65.41,0,Not Fraud,0.05378674931132714
-2.100448088628304,-1.2463634328403428,0.0517178848131873,0.1466530949798572,0.3477287364934356,1.138273660029896,-0.3411840062544481,0.474603923034761,-1.4931858040301953,0.3320727922337212,65.45,0,Fraud,0.5378968718646405
-1.6203475825709202,-0.2510907415036305,-0.7966125696279787,2.3024183926788275,3.319244616413516,-0.6384690758205049,-3.4966768431475623,1.4673759883276782,3.0125242588677152,1.2062674558687383,165.58,0,Not Fraud,0.270951128867612
-1.325149281170554,0.4273860682491159,-0.713712463865602,-0.6031152998021573,-0.6936369544722991,-1.211132369200447,-1.2398806561761255,1.3339356398879485,-1.4976420111634463,2.327631474777089,67.13,0,Not Fraud,0.08875891704009209
-0.1979734303523466,-0.593856552680285,-1.1111237664157756,0.646481259297914,0.3512634727239309,-1.0074777910567136,0.1382556049140989,-0.5793053085790432,1.4057033475334524,-0.0628224013325279,84.07,1,Fraud,0.6561000822823045
1.297581299907974,-1.3679489990974902,-0.1561939000971957,1.2937096045575092,0.3039098875003196,-1.806175037003035,-1.3903792968029371,-0.1891803351589201,1.1824932021224763,-0.9444628444195028,78.62,1,Not Fraud,0.19289871446429038
0.6462787746042251,-0.4745368499409318,-0.4956487528793405,-0.8929088621009469,-1.2993667196014964,-1.100243552453828,-2.4958507199520485,-1.124655688332994,-2.45917752360669,0.3796835979431991,69.54,0,Not Fraud,0.005939731178921918
-0.341421513078003,-0.7295215011636431,0.0216266305935647,-0.4136573412055363,0.4473167555467231,0.945127186738968,-3.362760058004607,-1.0946920440273713,-1.8306795232315716,-0.3258172553357492,40.54,0,Not Fraud,0.006220215831112212
1.275924440572557,-3.413565175251632,1.601992654613413,-1.992036056913396,-3.0089870110497143,-3.2142742847965766,-0.8339014512076868,1.12643371674603,-0.5284710925605995,-2.581140072888056,72.77,0,Not Fraud,0.10218015925391087
1.7050838961546702,0.7818614858141324,0.1704009940620107,0.9608727115155108,0.7455321082954202,-0.1857235286540555,-0.1448702781095763,0.0509136955354726,1.4280926615830791,-0.5368154524536589,26.82,0,Not Fraud,0.4717317564334287
-1.0969229941411207,1.7396645672214115,-0.4872209416682221,-0.8978419090225883,-0.2869718617941478,-1.5308992474764798,-3.0608384187648787,-0.8842760363604175,-1.394739348827951,3.4048573573863377,42.9,0,Not Fraud,0.0028043895164758907
1.039668889227968,-0.2592532444866459,1.5414571948322535,1.9712001668922703,1.1816448855123445,0.1216444066072968,-0.1373131401114512,1.2803520208371355,0.8967911527261678,-0.576811724151523,35.44,0,Fraud,0.7206860665924746
-1.5608093897276256,-1.7374080413379436,-2.0870692457095164,1.649722176792738,1.1973312696836795,-1.2246587888137568,-1.9025378871674548,-0.6046808501274109,0.6509839640397052,0.7394205212185654,52.46,0,Not Fraud,0.11516993993770858
-1.7500482119567629,-1.0999888347267468,0.8868426594885851,-0.7600067875563284,-2.1735936540655176,-3.737818907238141,0.3720126507211472,-0.7299966715800764,-0.8607463498196765,2.388455003193976,119.44,0,Not Fraud,0.35360656209273406
-0.2205883719299151,-4.6872046880552825,-0.5572813096145535,1.697642710026718,-2.559863096992117,-2.681694922118961,1.013385029589283,0.0003186114650683,-3.851071080972849,-0.4134466323460949,6.02,0,Not Fraud,0.3429261757591156
-2.312752761356488,-0.5479569693421178,-0.329396455962543,-2.3475273817941917,-1.2105368242261405,-1.5355049509809562,-0.1850591982054097,0.6104399993168492,0.4782896166418771,0.9426582780665216,70.59,0,Not Fraud,0.3355132450096961
0.5953609516717285,0.476568308359601,-0.5666705929614403,-0.3686356334951648,-0.7272208888951828,-3.108151860492386,0.7815807688884829,-0.1524996783099194,2.796695938909966,0.6025258784188928,1.62,1,Not Fraud,0.4719614880729758
-1.3913792608979887,-3.204817595330076,0.5114152550218797,-0.3472244379522454,-1.522930202237177,-1.105194163308561,-0.6081172960093664,1.5080828501440209,-2.46405286554916,-0.426370970982238,35.84,0,Not Fraud,0.20232943476140763
-0.458973882804798,-1.627856206763556,1.0686422195900849,0.0151508142444483,-1.114131501832232,-2.1520261052865965,-0.2262223514191901,0.5667603811176578,-0.4421481718253988,0.2973652849533822,82.67,0,Not Fraud,0.3848665153511102
1.329192467967827,-1.3867359111811557,-1.4446412530684145,2.7097803708745047,1.1052420399030458,-1.4275694738083138,-1.6498888698598428,-2.9118039447172657,0.807604568182277,-0.5119483817598092,51.93,0,Not Fraud,0.0770686050354147
0.4349649813955385,0.7102538840698069,-0.6448089363934834,-1.7872318724901746,-0.5391035717376658,0.3861164767519145,-1.0850555132395046,0.7379349262621552,-0.3110024341078505,-0.4429553560368928,17.67,0,Not Fraud,0.08267378191179922
-2.8701248246985225,-3.651361050815299,-0.3342069980664487,-1.084117786567781,-1.6003668992670346,-2.602030556909768,1.4616445768722128,1.0550545489425514,0.9792743676068856,-0.5126941572847582,28.54,0,Fraud,0.8610755130129005
0.6406877305505694,-0.6932802224919961,-1.1171417612046128,-1.537808975908554,-1.3135431654517742,-1.2372098012099784,-0.3890954968544,1.4507994663087391,0.2361082283172892,-1.0078573232337895,70.39,0,Not Fraud,0.27755161365894543
0.4737686153486748,-0.6008348339459615,1.359718213000896,-0.5566608239550599,-0.340488538065891,-0.5766506625314358,-0.9677903416776672,0.5251446587882714,0.203378792570348,-0.7781697842952313,28.09,0,Not Fraud,0.17040501955587467
1.1311199162050922,1.4180071390307345,0.1028142431550689,-1.0930633079395151,-1.0150409444219224,-0.3830903175522815,2.0375124104671585,-1.0866361888852818,0.8755367567506862,-0.138174850873238,56.49,0,Fraud,0.842480016083566
-1.097640020932498,-1.167474962371751,-1.6363017850994594,-1.7272165214461364,-0.569980366654774,-1.3366050763947706,-1.204672299414821,-0.4849555448776149,1.2065746586242705,-0.5422588241830529,51.37,0,Not Fraud,0.1069398669113964
2.390056449157643,-0.733513585165928,0.4828487457481086,1.3480708287882812,2.435232477113652,1.0601458857338373,-2.5618640193969897,-1.654510394912746,3.059490554519228,-3.3894347844063555,30.45,0,Not Fraud,0.1049860823587801
-0.0869866046278693,-1.530679162778497,-0.6337886457778004,3.934293280437471,2.833473373341456,-0.0103648190886206,-2.20456284445045,-0.1629121933762352,1.05533738020672,-0.0542962585362296,114.32,0,Not Fraud,0.39720959556057045
1.1039227261981277,0.2845952046343711,-0.1604862203285626,-0.7811298073487087,-1.727309046901964,-1.3638677483051298,1.8356274084580344,0.883624548970972,-0.1308690798329637,-0.0632729331550795,69.02,0,Fraud,0.8274796067707473
-2.948198453230236,0.0645083354486304,0.1466325876461747,-2.395469462561396,-0.6388760028035159,0.0363850518207968,-0.2468068851975242,-1.0300950764894898,-0.2898375254647115,1.282225276933091,10.75,0,Not Fraud,0.17967958035189222
3.102105500427493,-0.730211208744749,-1.4838058550333233,1.7295814938444931,1.1516388733171044,0.4377926418640252,-0.7652569396072778,-0.53716426238832,1.567475025466582,-2.9136466429027736,55.59,0,Not Fraud,0.4138447110717882
-2.812222264752346,-1.687712842092389,0.3862260641045818,-3.4570764143798263,-3.9701669720560218,-3.4424985787072764,3.6623955469634177,-1.5404327171242964,-0.1651850176138483,1.0534639770942105,30.15,0,Fraud,0.8930521599271782
-3.314440054913462,-3.058651844502597,-0.6961170513463018,1.5725645770845529,-1.2494485055356004,-2.191758406936335,0.3822735227786165,-0.3347733247048275,-3.424932437310192,2.7036993697210088,75.57,0,Not Fraud,0.4330204251934138
0.2745455216512238,1.0232553701191995,-0.2037595134944202,-2.737250713911666,-0.9144094978397908,-0.2937717966325796,-1.686693723139466,-0.0882602301350412,0.0743479715498318,-0.1536557746724426,26.22,0,Not Fraud,0.024681876038518964
-2.069623525750038,-3.4693307586652256,0.8792639051665606,1.317388399137176,0.3681640345857097,0.529398630427729,-1.4699983239883228,-0.6936964924644041,-2.422975529763062,-0.4584550620630335,46.56,0,Not Fraud,0.16876019716977894
-0.6935020652205464,-0.7727106913626915,0.6290854090140003,0.8620153716235065,0.7305267449731239,-1.3594669664774002,-1.569243707532388,-1.1766981857709065,1.0023247461916844,0.6119358321715451,65.15,0,Not Fraud,0.1403294799632333
1.4877126682927784,-2.22268887079147,1.1111452152044623,-1.4707626761517054,-1.5197514549664024,-2.2189984251579866,-1.279120942042968,-0.6438720111083527,0.992406750643409,-2.583807892813575,75.97,0,Not Fraud,0.09137841647934969
-0.5962061586962353,0.1098246525033856,-0.2617876736240963,-1.204130720633456,-0.8370599887632368,-1.0471210809488098,-0.2432245036744033,-1.1353162812387732,0.0202808464306212,0.6449535569624589,13.99,0,Not Fraud,0.13657013215240685
1.2932418270403754,-2.125359842723766,-0.6630921738253879,-0.5308805253846682,-0.6071103170522776,-0.8249751328427362,-1.0291924996022817,0.2505142037555971,0.6548508360595605,-2.683341835357771,39.96,0,Not Fraud,0.16851227559050033
-0.6752035654770567,-1.5281046618494458,-2.936200943778115,0.6264016745414118,0.4563001705714388,1.066081543656225,-1.7961902015453326,0.4086847622754085,-2.03965157607082,-0.4368526489840776,35.75,0,Not Fraud,0.07029438275455915
-0.1602904232000885,-0.579203138370838,-0.488273724696688,0.4798981117670585,-0.0636735930536477,-1.5439957145662917,-0.6731937798882109,-0.7808049515789934,0.5082598366423472,0.5117543238297959,30.4,0,Not Fraud,0.17291859133424783
-1.974154223044274,-2.024461180065193,0.7611923727015086,0.3875167800733757,0.6587076880025738,-2.809926550868814,-3.177458022197497,-0.5246687805653643,1.5926158698528958,0.9027664720602784,102.96,0,Not Fraud,0.03547940225661465
0.834835874576395,-1.2855570466104682,1.2261045853340684,-1.116215818710704,0.0635042783824957,-0.6296709250464925,-1.804356359096785,0.8269460609427997,1.8901414007488515,-2.3817055457980434,62.15,0,Not Fraud,0.16006553134902296
-1.5988364731820377,-4.1618810395579775,-0.052482682310714,-0.1679397298811249,-1.048510111271442,-1.141733210509814,0.4715473462730293,-0.438408888036707,-0.3339416881296569,-1.8198316606121048,12.17,0,Fraud,0.5574124816119354
0.9709929939716756,1.639904862947419,0.5679945395242418,-0.3775654797717589,0.916246180510738,-0.8706800381678327,-0.9537822038267793,0.464263743235793,3.1536687707272346,0.0106255821440154,77.54,0,Not Fraud,0.39151109720779903
1.3606307230122043,-0.8784051550986748,-0.522781216566171,0.0673667593389411,-1.5998275404359832,-2.642350340770445,-0.6649620042387439,1.0560303715657138,-0.8963731076670987,0.156488848443033,113.66,0,Not Fraud,0.18644802728843038
0.1100343825178356,0.207018663388264,0.5844887886474618,-2.506080519264132,-2.4324560864658644,-2.1960794538927613,-0.0320833449999544,-1.768263509501486,-0.6955712464234352,0.637658400107387,80.97,0,Not Fraud,0.09878974879798721
0.4829793078892921,-0.4540112400857425,-0.2596779635075291,-1.2881140093879442,-0.589898550205452,-1.7478626970479016,-0.2268443364011928,0.2775246844762952,2.3696013102586844,-1.0682961747194797,4.42,0,Not Fraud,0.27614812961226576
-0.5673334035910103,-0.3319503745136742,0.0192593090312124,-2.062401873068903,-1.7305606477183446,-1.380182048258736,-0.6579036730918679,-0.5904407702032749,-0.9886377438536216,0.4733475012368015,35.47,0,Not Fraud,0.06346040451654848
-2.495099344765489,-1.9494138972912605,-0.2176154227176671,-1.108272785016719,-1.8038958127783185,-3.13544553243457,-0.628995580498865,-1.2582963852509057,-0.9483593536094608,1.758239599212705,88.01,0,Not Fraud,0.10840577378033292
1.3752076391908337,0.5137033874150652,-0.1662420723208304,2.244475302471459,2.1837840636400645,0.8835935806112791,-0.8355696987821521,0.8720901955337838,1.7260693879397175,-0.7372515155418313,28.77,0,Fraud,0.5631317191876077
-1.0003867781969946,-0.6203883831376398,-0.4467268657228287,-1.3267949699338863,-1.962198377635303,-0.4159392783292127,1.857579031524604,-1.0496741157567948,-1.8738539404659664,0.4872421685465413,63.31,0,Fraud,0.7198454657394967
0.5503614854514838,-1.7444496587914458,-0.1530805044814027,-1.0893961748861218,-2.4527761949673184,-1.426781469442541,0.5940968534653011,1.1629895956773382,-2.134379366447745,-0.7700235004577156,73.24,0,Not Fraud,0.4057437587302705
-2.1115193199882456,-2.0561637859399484,2.244682255430256,-0.9512435820537608,-1.2066652203814003,-0.6257812796207071,0.6224300632726838,-1.8642698372564723,-1.1678489275628512,0.0672093411791477,22.19,0,Not Fraud,0.4322485064702387
-0.2377121813916349,1.1941522100553104,-1.188384670740071,1.2912415212342476,1.8542682094311855,-0.913482283458214,-1.235519809748884,-0.1609049382765987,2.746504795750828,1.28495276342702,48.21,0,Not Fraud,0.2972311962924408
0.6906767976983905,-0.4716153066160494,-1.426483156621165,-1.3714923523179403,-1.841956814510651,-0.9438575519405,-1.1786695728680796,1.5159451462942335,-2.3984264807601363,0.0117620149135357,47.24,0,Not Fraud,0.04111663584386254
1.1930468418729396,-0.3719885000968108,0.1152398669720183,1.3392761962476714,0.7114323726079564,-2.325618524676665,-1.7977949395739827,-0.2434064747951195,2.077680320986892,0.003170488513955,19.27,0,Not Fraud,0.07359819675068584
-1.1669645253207488,0.2132215717785814,0.7854825898295763,3.848814052222128,3.5242774571627367,-0.7809747288504703,-2.760661559517529,-1.2486634247626274,2.273400056481051,2.206678692424206,42.42,0,Not Fraud,0.12106844052109682
-1.0884846037488214,-1.4206754186965935,-2.093178022391159,-0.3844915702117684,-1.5175639887853758,-3.464139387100672,-1.500520022513642,-1.3830178087444738,-0.9027634222469656,1.71626318086556,12.57,0,Not Fraud,0.011957621235092144
-0.3217655032846896,-2.1861142221169194,0.2750934769437541,-0.1498028119262272,-1.7062141739158745,-2.411817430673544,-0.2632894904140381,0.5030892533366624,-1.2748430540124454,0.0978091559979969,98.97,0,Not Fraud,0.2981093471043613
0.2535010869387266,-2.413827588313185,-0.6485216295046535,-0.5706149230044228,-1.6775222835725068,-1.0264687093230365,-1.0067063377350909,0.017752546173286,-2.3720428999714054,-1.0342332032153647,7.1,0,Not Fraud,0.043763059216051343
-0.571220511854331,-1.2049340363221996,-1.17038359810434,3.731012391296675,2.666806461195524,0.0204307591719625,-1.8141132005521432,1.8142528277002747,0.7796633666305118,0.5557622757746714,36.8,0,Not Fraud,0.39920817284077176
0.8031275158983158,0.1200823165983324,-1.7782027275658474,4.600723129613473,3.247759986617146,-0.0038188402671728,-1.474650490363052,0.5339807974186639,1.7172675890536542,0.7531684496735663,53.92,0,Fraud,0.5001258947548715
-2.454510656783884,-2.800668022635548,-0.8798393061009868,1.5889664114970117,1.7449522245035003,0.8141855445869346,-3.2160386630888094,-0.2899211530250153,-1.20940116624207,-0.0376889363494037,93.24,0,Not Fraud,0.06186157041112097
-1.926359738311437,-3.126354680838604,1.554962727725765,-1.2649581154044092,-1.5224731227654504,-2.152932080613108,1.7929648934405398,-0.3300527352440008,1.5052805194386298,-1.2369037175663404,6.92,0,Fraud,0.8721279707520362
-2.4874431388306752,-2.7611078500295783,0.3654318428247091,-0.5719203464547741,-0.2526693226315653,0.785909528912033,-1.3542062269989814,0.5115555285220048,-2.193544650872792,-0.5078412692802542,84.89,0,Not Fraud,0.23052392404954192
-0.0261840871459086,-3.0099508395434267,-0.9604469539838816,4.806682940702538,1.6746232216617143,-1.8435890765617424,-1.975877718335393,-0.7828665102974913,-0.450635013642628,0.5208991748635285,50.31,0,Not Fraud,0.13836328589611743
0.1472534468254497,-0.9432004527919924,1.3226178412607723,-0.8626257580767696,0.3957720476897339,-0.7044139195155111,-1.8217791589112844,-2.0182341114311964,2.021302204925326,-1.5107716897123646,20.55,0,Not Fraud,0.060888504754376446
0.6885210082184199,-1.8626864744753715,1.361760913340223,-0.0048642856624541,-2.0428934295919694,-3.064066923242451,0.1951779457325155,1.1600825123986132,-0.8613541450550872,-0.0615439088679875,63.86,0,Not Fraud,0.35079667931449454
1.1921130525047916,1.1092870413307452,-0.1271627962941314,-2.5290764041042606,-2.214308458985313,-1.981387940198797,-1.2120394629904414,0.6289391096964736,-0.9723759221402116,0.676661213221111,55.97,0,Not Fraud,0.023555302464122175
0.138841600289762,1.6456137740433605,1.57980695740155,-0.8366699597373806,0.0117774735391873,-0.369868821671679,0.6806069970795801,0.2819488738090511,1.6076766234015902,0.6286075422142479,31.99,0,Fraud,0.6748980966915527
1.0991033941353077,-2.7614510934767047,0.4290395675675486,1.8909848566472949,0.7867201184711898,-1.2451719337938978,-2.239772345589625,-2.3359306970550966,0.7608657616981704,-1.928847719242189,52.09,0,Not Fraud,0.05626863196289158
-0.8901395074652189,-1.341147906085504,0.908090298262139,-0.3432333480700957,-0.1816050134050316,-0.8385989366766695,1.364414216707161,-0.4901909062286882,1.9711689126229808,-0.9498866958132596,38.44,1,Fraud,0.8947110377642088
0.2510714919304153,-1.7105493951439992,0.9403696886232976,0.9282612198593808,-0.9394031529330228,-2.541517525656461,-0.4163832365067209,2.27409356914324,-0.5146462333266935,0.334771679231856,53.41,0,Not Fraud,0.3634026200191371
0.532880624638216,-2.0985496817140894,1.02719478824286,1.1193166445354354,0.612568229621002,-1.1364926640933877,-1.8960573430177328,0.0233851251561811,0.9510510799198538,-1.3949302012519813,69.86,0,Not Fraud,0.16308719102734065
-1.1987217979400815,-1.6334608451050157,0.4153796225059898,0.1832746359739723,0.5087076557311218,-0.9066323420802644,-1.979344318647894,0.3594859397738579,0.5338632791646563,-0.1220341151368566,97.58,0,Not Fraud,0.16928690575012775
-0.0124666503466434,3.3217574537012924,0.0126544641486544,-2.950861855490415,0.0088667610998955,-0.6944991622972787,-3.762962664326179,-0.8641720791739649,0.7264182780297019,2.0313595142717062,12.87,0,Not Fraud,0.001008425982055339
-0.5667101440098017,0.0662745370945798,-0.9247118804011716,-1.5532416042932038,-0.5100929744101248,-1.0798977787767725,-1.9889384167834765,1.2148840301830344,0.0873166079697445,0.5072157371609134,113.99,0,Not Fraud,0.07695586493355305
3.4873011013979864,-0.1104555971887113,0.4507704171862659,1.143461437277333,1.0586183945004306,0.0548557752769096,-0.9647425419329064,0.9230872924501295,2.377630880967751,-2.931728184812511,8.56,0,Not Fraud,0.33867948691035044
1.1207914873235567,-0.6971773556433533,0.236542193614863,-0.7367037299437138,-0.0397799413878378,-1.6343718440624315,-1.9031145358988533,0.4308460051697467,2.0969326164383424,-1.422596228255595,45.45,0,Not Fraud,0.07637340923844274
-0.951895623243064,-3.6683073998267446,1.1350368571017395,1.4364769736324692,1.4849047463935274,1.539178355618974,-4.781653315696882,-0.4396820089184496,-2.6215498523365817,-1.7543223290890768,67.65,0,Not Fraud,0.0053578947183611164
2.189537692217879,-1.7368779874421911,1.0982358035234263,-1.5712032408945693,-1.690562640979698,-1.3329453233720896,-0.3751849290744419,-0.6873544343582936,0.5794356146351565,-3.076528269532032,58.43,0,Not Fraud,0.1968063393031358
-1.1086578810343004,-1.690265258358136,-0.1484294010641856,0.187965204413582,-0.5264027122862649,-2.3392787542947806,-0.7845590512408358,0.809846061119427,0.3531993123705876,0.6049072111982804,31.32,0,Not Fraud,0.20421694487894668
0.1937350261222347,-2.791147028684258,1.6348628511603471,3.6835921514264593,1.0291579846200902,-1.3728682352670143,-1.2538135791689524,-1.2077748224243965,-0.5869572076730138,-0.1170726811493907,43.76,0,Not Fraud,0.24262562258245116
0.0243097652528296,-2.464104561667458,2.317516231196855,1.1613522098177187,-0.3287592996708874,-1.4242002807203953,-1.8749771297720372,-0.6525979093314883,-1.4346129368361775,-0.330832609298879,35.21,0,Not Fraud,0.04945237981982496
-1.0911613126836468,-1.834241216126132,0.6064247283911633,-0.4962788876768205,-1.5014583123768015,-3.100876080132657,0.1339780309274374,0.3763259576465752,0.292609861449022,0.6274816160686236,32.32,0,Not Fraud,0.321229237536811
2.680854971630298,-1.011844782020913,0.7451868818938278,2.7227512870270845,1.8695111838119285,0.5614310246511494,-1.2751629245387806,-0.4020493002747899,1.4855399675458631,-2.5072899945564693,75.49,0,Not Fraud,0.47911820556510526
0.7552642762214726,-0.92026749502901,0.4182150782661971,0.2816482230105699,-0.2212217169489035,-1.5985164026958574,-0.7680544829049925,-0.7465633522699111,0.9500149068525288,-0.6222243020080259,60.71,0,Not Fraud,0.22255756350801906
-1.9593057371958675,-0.0977394802458359,1.216528232549537,-2.241803614992833,-1.035339042733192,-2.2746481234894524,1.065677192740961,-0.8039203442394212,2.6342092869089506,0.7386457621903952,29.21,0,Fraud,0.6691066626971266
0.0026612852351945,0.2554704713067253,-0.5348543227867003,-2.4698164846999298,-2.566517439460276,-2.4207371964392586,1.334067347916382,-0.1083338832445891,0.1313654151429182,0.5550981039835604,76.99,0,Fraud,0.5169678193580071
0.3644422131874435,-2.733848851519852,0.4718699478766758,2.7488704141799696,0.7690385286104531,-2.7578987386669,-2.614324487014519,0.4892340135500355,0.5571531289645864,-0.1183506361675736,59.22,0,Not Fraud,0.06120765372803431
-2.422075732190839,-3.617353843287567,0.0621792298122876,0.610255905073132,-0.3371440808635393,-0.0089807928405311,0.0188686515338245,1.2224021616505023,-1.7340935681168603,-0.6034131434907671,74.39,0,Fraud,0.7193161555597462
2.900230627513565,0.4273753799470148,1.278873764700375,0.6235006136016568,0.2281096179228752,-0.5350694872634039,-0.0662762516469391,-2.358464142207465,1.7126137670630213,-1.7132600402692837,68.89,0,Not Fraud,0.41029914030440456
